DO
$$
    DECLARE
        tabela RECORD;
    BEGIN
        FOR tabela IN
                (SELECT tablename FROM pg_tables WHERE schemaname = 'public')
            LOOP
                EXECUTE 'TRUNCATE TABLE ' || quote_ident(tabela.tablename) || ' CASCADE';
            END LOOP;
    END
$$;

INSERT INTO dresses (id, "imageUrl", "rentPrice", color, model, "isPickedUp", type, fabric)
VALUES ('e1231c50-3a9f-4d3c-8fc4-81cb9cf6a310',
        'https://encrypted-tbn0.gstatic.com/images?q=tbn:ANd9GcQ9eFVdKbD_PBvIkfjqB1DkBrEXzEjvHvpzdg&s', 120.00, 'Azul',
        'Longo', FALSE, 'dress', 'Seda'),
       ('a3129c70-4d3c-5c9f-7fc5-91db9cf6a320',
        'https://encrypted-tbn0.gstatic.com/images?q=tbn:ANd9GcQ9eFVdKbD_PBvIkfjqB1DkBrEXzEjvHvpzdg&s', 95.00, 'Verde',
        'Curto', FALSE, 'dress', 'Cetim'),
       ('c4221c60-5d4c-6c9f-8fc6-92eb9cf6a330',
        'https://encrypted-tbn0.gstatic.com/images?q=tbn:ANd9GcQ9eFVdKbD_PBvIkfjqB1DkBrEXzEjvHvpzdg&s', 110.00, 'Preto',
        'Midi', TRUE, 'dress', 'Veludo'),
       ('d5331c40-6d5c-7c9f-9fc7-93fb9cf6a340',
        'https://encrypted-tbn0.gstatic.com/images?q=tbn:ANd9GcQ9eFVdKbD_PBvIkfjqB1DkBrEXzEjvHvpzdg&s', 130.00, 'Rosa',
        'Longo', FALSE, 'dress', 'Chiffon'),
       ('f6441c30-7d6c-8c9f-0fc8-94cb9cf6a350',
        'https://encrypted-tbn0.gstatic.com/images?q=tbn:ANd9GcQ9eFVdKbD_PBvIkfjqB1DkBrEXzEjvHvpzdg&s', 105.00,
        'Branco', 'Tomara que Caia', TRUE, 'dress', 'Organza'),
       ('b7551c20-8d7c-9c9f-1fc9-95db9cf6a360',
        'https://encrypted-tbn0.gstatic.com/images?q=tbn:ANd9GcQ9eFVdKbD_PBvIkfjqB1DkBrEXzEjvHvpzdg&s', 115.00,
        'Amarelo', 'Curto', FALSE, 'dress', 'Seda'),
       ('c8661c10-9d8c-0d9f-2fc0-96eb9cf6a370',
        'https://encrypted-tbn0.gstatic.com/images?q=tbn:ANd9GcQ9eFVdKbD_PBvIkfjqB1DkBrEXzEjvHvpzdg&s', 125.00,
        'Laranja', 'Midi', TRUE, 'dress', 'Cetim'),
       ('d9771c00-ad9c-1d9f-3fc1-97fb9cf6a380',
        'https://encrypted-tbn0.gstatic.com/images?q=tbn:ANd9GcQ9eFVdKbD_PBvIkfjqB1DkBrEXzEjvHvpzdg&s', 135.00, 'Vinho',
        'Longo', FALSE, 'dress', 'Veludo'),
       ('e0881c90-bd0c-2d9f-4fc2-98cb9cf6a390',
        'https://encrypted-tbn0.gstatic.com/images?q=tbn:ANd9GcQ9eFVdKbD_PBvIkfjqB1DkBrEXzEjvHvpzdg&s', 140.00, 'Prata',
        'Curto', FALSE, 'dress', 'Organza'),
       ('f1991c80-cd1c-3d9f-5fc3-99db9cf6a3a0',
        'https://encrypted-tbn0.gstatic.com/images?q=tbn:ANd9GcQ9eFVdKbD_PBvIkfjqB1DkBrEXzEjvHvpzdg&s', 150.00,
        'Dourado', 'Midi', TRUE, 'dress', 'Chiffon'),
       ('342ca54e-a53e-48f6-ba77-6f73d603b8e3',
        'https://encrypted-tbn0.gstatic.com/images?q=tbn:ANd9GcQ9eFVdKbD_PBvIkfjqB1DkBrEXzEjvHvpzdg&s', 160.00, 'Lilás',
        'Tomara que Caia', FALSE, 'dress', 'Seda'),
       ('342ca54e-a53e-48f6-ba77-6f73d603b8e4',
        'https://encrypted-tbn0.gstatic.com/images?q=tbn:ANd9GcQ9eFVdKbD_PBvIkfjqB1DkBrEXzEjvHvpzdg&s', 90.00, 'Cinza',
        'Longo', TRUE, 'dress', 'Cetim'),
       ('8296950b-19e1-48f0-ac88-8da7a90f0de7',
        'https://encrypted-tbn0.gstatic.com/images?q=tbn:ANd9GcQ9eFVdKbD_PBvIkfjqB1DkBrEXzEjvHvpzdg&s', 170.00, 'Roxo',
        'Midi', FALSE, 'dress', 'Veludo'),
       ('f169e5d3-8f37-4c01-96ee-ba92154fc625',
        'https://encrypted-tbn0.gstatic.com/images?q=tbn:ANd9GcQ9eFVdKbD_PBvIkfjqB1DkBrEXzEjvHvpzdg&s', 180.00, 'Bordô',
        'Longo', TRUE, 'dress', 'Chiffon'),
       ('7618fa8c-c2cc-4b02-865e-587dbf48c479',
        'https://encrypted-tbn0.gstatic.com/images?q=tbn:ANd9GcQ9eFVdKbD_PBvIkfjqB1DkBrEXzEjvHvpzdg&s', 100.00,
        'Marrom', 'Tomara que Caia', FALSE, 'dress', 'Organza'),
       ('7618fa8c-c2cc-4b02-865e-587dbf48c410',
        'https://encrypted-tbn0.gstatic.com/images?q=tbn:ANd9GcQ9eFVdKbD_PBvIkfjqB1DkBrEXzEjvHvpzdg&s', 95.00,
        'Rosa Claro', 'Curto', FALSE, 'dress', 'Seda'),
       ('7618fa8c-c2cc-4b02-865e-587dbf48c471',
        'https://encrypted-tbn0.gstatic.com/images?q=tbn:ANd9GcQ9eFVdKbD_PBvIkfjqB1DkBrEXzEjvHvpzdg&s', 130.00,
        'Pérola', 'Midi', TRUE, 'dress', 'Cetim'),
       ('7618fa8c-c2cc-4b02-865e-587dbf48c472',
        'https://encrypted-tbn0.gstatic.com/images?q=tbn:ANd9GcQ9eFVdKbD_PBvIkfjqB1DkBrEXzEjvHvpzdg&s', 140.00,
        'Azul Claro', 'Longo', FALSE, 'dress', 'Veludo'),
       ('7618fa8c-c2cc-4b02-865e-587dbf48c473',
        'https://encrypted-tbn0.gstatic.com/images?q=tbn:ANd9GcQ9eFVdKbD_PBvIkfjqB1DkBrEXzEjvHvpzdg&s', 125.00,
        'Champanhe', 'Curto', TRUE, 'dress', 'Organza'),
       ('7618fa8c-c2cc-4b02-865e-587dbf48c476',
        'https://encrypted-tbn0.gstatic.com/images?q=tbn:ANd9GcQ9eFVdKbD_PBvIkfjqB1DkBrEXzEjvHvpzdg&s', 150.00,
        'Verde Musgo', 'Midi', FALSE, 'dress', 'Chiffon');

INSERT INTO clutches (id, "imageUrl", "rentPrice", color, model, "isPickedUp", type)
VALUES ('92765182-77fb-5d7f-986b-8b3c347c7c99',
        'https://ae01.alicdn.com/kf/S358207b2c7f34b0ab37552263094b956u/Crystal-Evening-Clutch-Bag-Bolsa-de-casamento-Festa-nupcial-do-baile-Sparkly-Jantar-Clutch-Bags-Rhinestone.jpg',
        55.00, 'Dourada', 'Com Alça', FALSE, 'clutch'),
       ('a3865182-88ec-6e8f-987b-9a3c347c7d88',
        'https://ae01.alicdn.com/kf/S358207b2c7f34b0ab37552263094b956u/Crystal-Evening-Clutch-Bag-Bolsa-de-casamento-Festa-nupcial-do-baile-Sparkly-Jantar-Clutch-Bags-Rhinestone.jpg',
        60.00, 'Preta', 'Sem Alça', TRUE, 'clutch'),
       ('b4955182-99fd-7f9f-998b-ab3c347c7e88',
        'https://ae01.alicdn.com/kf/S358207b2c7f34b0ab37552263094b956u/Crystal-Evening-Clutch-Bag-Bolsa-de-casamento-Festa-nupcial-do-baile-Sparkly-Jantar-Clutch-Bags-Rhinestone.jpg',
        45.00, 'Azul', 'Com Alça', FALSE, 'clutch'),
       ('c5a65182-a0fe-8f0f-999b-bc3c347c7f88',
        'https://ae01.alicdn.com/kf/S358207b2c7f34b0ab37552263094b956u/Crystal-Evening-Clutch-Bag-Bolsa-de-casamento-Festa-nupcial-do-baile-Sparkly-Jantar-Clutch-Bags-Rhinestone.jpg',
        65.00, 'Vermelha', 'Sem Alça', TRUE, 'clutch'),
       ('d6b75182-b1ff-9f1f-9a9b-cd3c347c8088',
        'https://ae01.alicdn.com/kf/S358207b2c7f34b0ab37552263094b956u/Crystal-Evening-Clutch-Bag-Bolsa-de-casamento-Festa-nupcial-do-baile-Sparkly-Jantar-Clutch-Bags-Rhinestone.jpg',
        52.00, 'Verde', 'Com Alça', FALSE, 'clutch'),
       ('e7c85182-c2f0-0f2f-ab9b-de3c347c8188',
        'https://ae01.alicdn.com/kf/S358207b2c7f34b0ab37552263094b956u/Crystal-Evening-Clutch-Bag-Bolsa-de-casamento-Festa-nupcial-do-baile-Sparkly-Jantar-Clutch-Bags-Rhinestone.jpg',
        58.00, 'Rosa', 'Sem Alça', FALSE, 'clutch'),
       ('f8d95182-d3f1-1f3f-ac9b-ef3c347c8288',
        'https://ae01.alicdn.com/kf/S358207b2c7f34b0ab37552263094b956u/Crystal-Evening-Clutch-Bag-Bolsa-de-casamento-Festa-nupcial-do-baile-Sparkly-Jantar-Clutch-Bags-Rhinestone.jpg',
        70.00, 'Branca', 'Com Alça', TRUE, 'clutch'),
       ('0ae05182-e4f2-2f4f-ad9b-f03c347c8388',
        'https://ae01.alicdn.com/kf/S358207b2c7f34b0ab37552263094b956u/Crystal-Evening-Clutch-Bag-Bolsa-de-casamento-Festa-nupcial-do-baile-Sparkly-Jantar-Clutch-Bags-Rhinestone.jpg',
        48.00, 'Prateada', 'Sem Alça', FALSE, 'clutch'),
       ('1bf15182-f5f3-3f5f-ae9b-013c347c8488',
        'https://ae01.alicdn.com/kf/S358207b2c7f34b0ab37552263094b956u/Crystal-Evening-Clutch-Bag-Bolsa-de-casamento-Festa-nupcial-do-baile-Sparkly-Jantar-Clutch-Bags-Rhinestone.jpg',
        55.00, 'Champanhe', 'Com Alça', TRUE, 'clutch'),
       ('3f961e50-4922-4130-b514-74b8879d718a',
        'https://ae01.alicdn.com/kf/S358207b2c7f34b0ab37552263094b956u/Crystal-Evening-Clutch-Bag-Bolsa-de-casamento-Festa-nupcial-do-baile-Sparkly-Jantar-Clutch-Bags-Rhinestone.jpg',
        65.00, 'Grafite', 'Sem Alça', FALSE, 'clutch'),
       ('3f961e50-4922-4130-b514-74b8879d718b',
        'https://ae01.alicdn.com/kf/S358207b2c7f34b0ab37552263094b956u/Crystal-Evening-Clutch-Bag-Bolsa-de-casamento-Festa-nupcial-do-baile-Sparkly-Jantar-Clutch-Bags-Rhinestone.jpg',
        60.00, 'Cinza', 'Sem Alça', FALSE, 'clutch'),
       ('3f961e50-4922-4130-b514-74b8879d718c',
        'https://ae01.alicdn.com/kf/S358207b2c7f34b0ab37552263094b956u/Crystal-Evening-Clutch-Bag-Bolsa-de-casamento-Festa-nupcial-do-baile-Sparkly-Jantar-Clutch-Bags-Rhinestone.jpg',
        57.00, 'Marrom', 'Com Alça', TRUE, 'clutch'),
       ('5e83cbd3-8a3c-4c16-9c0a-6e22675be971',
        'https://ae01.alicdn.com/kf/S358207b2c7f34b0ab37552263094b956u/Crystal-Evening-Clutch-Bag-Bolsa-de-casamento-Festa-nupcial-do-baile-Sparkly-Jantar-Clutch-Bags-Rhinestone.jpg',
        68.00, 'Bege', 'Sem Alça', FALSE, 'clutch'),
       ('5e83cbd3-8a3c-4c16-9c0a-6e22675be871',
        'https://ae01.alicdn.com/kf/S358207b2c7f34b0ab37552263094b956u/Crystal-Evening-Clutch-Bag-Bolsa-de-casamento-Festa-nupcial-do-baile-Sparkly-Jantar-Clutch-Bags-Rhinestone.jpg',
        63.00, 'Lavanda', 'Com Alça', TRUE, 'clutch'),
       ('5e83cbd3-8a3c-4c16-9c0a-6e22675be972',
        'https://ae01.alicdn.com/kf/S358207b2c7f34b0ab37552263094b956u/Crystal-Evening-Clutch-Bag-Bolsa-de-casamento-Festa-nupcial-do-baile-Sparkly-Jantar-Clutch-Bags-Rhinestone.jpg',
        54.00, 'Verde Escuro', 'Sem Alça', FALSE, 'clutch'),
       ('5e83cbd3-8a3c-4c16-9c0a-6e22675be961',
        'https://ae01.alicdn.com/kf/S358207b2c7f34b0ab37552263094b956u/Crystal-Evening-Clutch-Bag-Bolsa-de-casamento-Festa-nupcial-do-baile-Sparkly-Jantar-Clutch-Bags-Rhinestone.jpg',
        70.00, 'Amarelo', 'Com Alça', TRUE, 'clutch'),
       ('5e83cbd3-8a3c-4c16-9c0a-6e22675be962',
        'https://ae01.alicdn.com/kf/S358207b2c7f34b0ab37552263094b956u/Crystal-Evening-Clutch-Bag-Bolsa-de-casamento-Festa-nupcial-do-baile-Sparkly-Jantar-Clutch-Bags-Rhinestone.jpg',
        50.00, 'Roxo', 'Sem Alça', FALSE, 'clutch'),
       ('5e83cbd3-8a3c-4c16-9c0a-6e22675be963',
        'https://ae01.alicdn.com/kf/S358207b2c7f34b0ab37552263094b956u/Crystal-Evening-Clutch-Bag-Bolsa-de-casamento-Festa-nupcial-do-baile-Sparkly-Jantar-Clutch-Bags-Rhinestone.jpg',
        62.00, 'Vermelho Escuro', 'Com Alça', FALSE, 'clutch'),
       ('5e83cbd3-8a3c-4c16-9c0a-6e22675be967',
        'https://ae01.alicdn.com/kf/S358207b2c7f34b0ab37552263094b956u/Crystal-Evening-Clutch-Bag-Bolsa-de-casamento-Festa-nupcial-do-baile-Sparkly-Jantar-Clutch-Bags-Rhinestone.jpg',
        69.00, 'Prateada', 'Sem Alça', TRUE, 'clutch'),
       ('5e83cbd3-8a3c-4c16-9c0a-6e22675be912',
        'https://ae01.alicdn.com/kf/S358207b2c7f34b0ab37552263094b956u/Crystal-Evening-Clutch-Bag-Bolsa-de-casamento-Festa-nupcial-do-baile-Sparkly-Jantar-Clutch-Bags-Rhinestone.jpg',
        67.00, 'Azul Claro', 'Com Alça', FALSE, 'clutch');

INSERT INTO bookings (id, "customerName", "eventDate", "expectedPickUpDate", "expectedReturnDate", "pickUpDate",
                      "returnDate", status, "amountPaid")
VALUES ('faf61a92-93b8-42cc-8298-1da888f640b4', 'João da Silva', '2024-12-01T00:00:00-03:00',
        '2024-11-29T00:00:00-03:00', '2024-12-02T00:00:00-03:00', NULL, NULL, 'READY', 0.00),
       ('c0e879ff-02a8-4e31-8a52-20569dcb6ab2', 'Maria Oliveira', '2024-12-15T00:00:00-03:00',
        '2024-12-13T00:00:00-03:00', '2024-12-16T00:00:00-03:00', NULL, NULL, 'IN_PROGRESS', 0.00),
       ('301a6f36-f35d-4c02-99ff-86f38e9b729c', 'Carlos Souza', '2024-12-20T00:00:00-03:00',
        '2024-12-18T00:00:00-03:00', '2024-12-21T00:00:00-03:00', NULL, NULL, 'NOT_INITIATED', 100.00),
       ('3dd8bdd7-f14d-4c02-889e-a44c1b3a69d8', 'Ana Santos', '2024-12-25T00:00:00-03:00', '2024-12-23T00:00:00-03:00',
        '2024-12-26T00:00:00-03:00', NULL, NULL, 'READY', 0.00),
       ('4877752a-4d6a-4f9a-9339-38fc3b457d30', 'Luiz Costa', '2024-12-30T00:00:00-03:00', '2024-12-28T00:00:00-03:00',
        '2025-01-02T00:00:00-03:00', NULL, NULL, 'IN_PROGRESS', 0.00),
       ('e479fc7e-df60-488a-bafa-e1a7c856730e', 'Patrícia Lima', '2025-01-05T00:00:00-03:00',
        '2025-01-03T00:00:00-03:00', '2025-01-06T00:00:00-03:00', NULL, NULL, 'NOT_INITIATED', 0.00),
       ('2436e1f1-2d9f-4f4d-a730-30563c366fe0', 'Roberto Alves', '2025-01-10T00:00:00-03:00',
        '2025-01-08T00:00:00-03:00', '2025-01-11T00:00:00-03:00', NULL, NULL, 'READY', 0.00),
       ('4afac0ca-14c3-48e8-9453-f71e31900df5', 'Fernanda Dias', '2025-01-15T00:00:00-03:00',
        '2025-01-13T00:00:00-03:00', '2025-01-16T00:00:00-03:00', NULL, NULL, 'IN_PROGRESS', 0.00),
       ('8bc4b380-89ef-4d5f-816e-750a82b2a826', 'Marcos Pereira', '2025-01-20T00:00:00-03:00',
        '2025-01-18T00:00:00-03:00', '2025-01-21T00:00:00-03:00', NULL, NULL, 'NOT_INITIATED', 0.00),
       ('8296950b-19e1-48f0-ac88-8da7a90f0de7', 'Juliana Mendes', '2025-01-25T00:00:00-03:00',
        '2025-01-23T00:00:00-03:00', '2025-01-26T00:00:00-03:00', NULL, NULL, 'READY', 0.00);

INSERT INTO dress_booking_item (id, "rentPrice", "isCourtesy", "dressId", "bookingId", adjustments)
VALUES ('1f1a2b3c-4d5e-6f78-9a0b-c1d2e3f4b5a6', 120.00, false, 'e1231c50-3a9f-4d3c-8fc4-81cb9cf6a310',
        'faf61a92-93b8-42cc-8298-1da888f640b4', '[]'),
       ('9ae6c13e-8ff8-49e8-b500-dc61682e31ea', 95.00, false, 'a3129c70-4d3c-5c9f-7fc5-91db9cf6a320',
        'c0e879ff-02a8-4e31-8a52-20569dcb6ab2', '[]'),
       ('58662f7a-ce93-49e5-823e-31147c4e480c', 110.00, false, 'c4221c60-5d4c-6c9f-8fc6-92eb9cf6a330',
        '301a6f36-f35d-4c02-99ff-86f38e9b729c', '[]'),
       ('bf6d8a58-40e6-4e12-bda7-04b42226e41f', 130.00, false, 'd5331c40-6d5c-7c9f-9fc7-93fb9cf6a340',
        '3dd8bdd7-f14d-4c02-889e-a44c1b3a69d8', '[]'),
       ('2ecc1017-75c3-4b03-9737-88c03d2a6608', 105.00, false, 'f6441c30-7d6c-8c9f-0fc8-94cb9cf6a350',
        '4877752a-4d6a-4f9a-9339-38fc3b457d30', '[]'),
       ('83bb3b81-d644-4d5a-9574-66ff5e7f5cc1', 115.00, false, 'b7551c20-8d7c-9c9f-1fc9-95db9cf6a360',
        'e479fc7e-df60-488a-bafa-e1a7c856730e', '[]'),
       ('3b2ef000-e2bf-4ce5-8c4f-557aab5c9dd3', 125.00, false, 'c8661c10-9d8c-0d9f-2fc0-96eb9cf6a370',
        '2436e1f1-2d9f-4f4d-a730-30563c366fe0', '[]'),
       ('f2d24641-8ebe-487d-afef-43fa1f7e81f8', 135.00, false, 'd9771c00-ad9c-1d9f-3fc1-97fb9cf6a380',
        '4afac0ca-14c3-48e8-9453-f71e31900df5', '[]'),
       ('bcf3ae83-06ed-425f-815f-010960a4001b', 140.00, false, 'e0881c90-bd0c-2d9f-4fc2-98cb9cf6a390',
        '8bc4b380-89ef-4d5f-816e-750a82b2a826', '[]'),
       ('a0b1c2d3-4e5f-6a7b-8c9d-0e1f2a3b4c5d', 150.00, false, 'f1991c80-cd1c-3d9f-5fc3-99db9cf6a3a0',
        '8296950b-19e1-48f0-ac88-8da7a90f0de7', '[]');

INSERT INTO clutch_booking_item (id, "rentPrice", "isCourtesy", "clutchId", "bookingId")
VALUES ('1a2b3c4d-5e6f-7a8b-9c0d-1e2f3a4b5c6d', 55.00, false, '92765182-77fb-5d7f-986b-8b3c347c7c99',
        'faf61a92-93b8-42cc-8298-1da888f640b4'),
       ('2b3c4d5e-6f7a-8b9c-0d1e-2f3a4b5c6d7e', 60.00, true, 'a3865182-88ec-6e8f-987b-9a3c347c7d88',
        'c0e879ff-02a8-4e31-8a52-20569dcb6ab2'),
       ('3c4d5e6f-7a8b-9c0d-1e2f-3a4b5c6d7e8f', 45.00, false, 'b4955182-99fd-7f9f-998b-ab3c347c7e88',
        '301a6f36-f35d-4c02-99ff-86f38e9b729c'),
       ('4d5e6f7a-8b9c-0d1e-2f3a-4b5c6d7e8f9b', 65.00, true, 'c5a65182-a0fe-8f0f-999b-bc3c347c7f88',
        '3dd8bdd7-f14d-4c02-889e-a44c1b3a69d8'),
       ('5e6f7a8b-9c0d-1e2f-3a4b-5c6d7e8f9a0b', 52.00, false, 'd6b75182-b1ff-9f1f-9a9b-cd3c347c8088',
        '4877752a-4d6a-4f9a-9339-38fc3b457d30'),
       ('6f7a8b9c-0d1e-2f3a-4b5c-6d7e8f9a0b1c', 58.00, true, 'e7c85182-c2f0-0f2f-ab9b-de3c347c8188',
        'e479fc7e-df60-488a-bafa-e1a7c856730e'),
       ('7a8b9c0d-1e2f-3a4b-5c6d-7e8f9a0b1c2d', 70.00, false, 'f8d95182-d3f1-1f3f-ac9b-ef3c347c8288',
        '2436e1f1-2d9f-4f4d-a730-30563c366fe0'),
       ('f2d24641-8ebe-487d-afef-43fa1f7e81f8', 48.00, false, '0ae05182-e4f2-2f4f-ad9b-f03c347c8388',
        '4afac0ca-14c3-48e8-9453-f71e31900df5'),
       ('bcf3ae83-06ed-425f-815f-010960a4001b', 55.00, true, '1bf15182-f5f3-3f5f-ae9b-013c347c8488',
        '8bc4b380-89ef-4d5f-816e-750a82b2a826'),
       ('a0b1c2d3-4e5f-6a7b-8c9d-0e1f2a3b4c5d', 65.00, false, '3f961e50-4922-4130-b514-74b8879d718a',
        '8296950b-19e1-48f0-ac88-8da7a90f0de7');
